GTO,COVID-19,,,,,
No.,Fecha,No USAR,Positivos,Muertos,Recuperados,Vacunados
697,3/02/2022,0,,,,
696,3/01/2022,0,,,,
695,02/28/22,0,,,,
694,02/27/22,0,,,,
693,02/26/22,0,,,,
692,02/25/22,0,,,,
691,02/24/22,0,,,,
690,02/23/22,0,,,,
689,02/22/22,0,,,,
688,02/21/22,0,,,,
687,02/20/22,0,,,,
686,02/19/22,0,,,,
685,02/18/22,0,,,,
684,02/17/22,0,,,,
683,02/16/22,0,,,,
682,02/15/22,0,265769,14759,246962,8310990
681,02/14/22,0,264610,14748,245662,8310990
680,02/13/22,0,264370,14740,244476,8221130
679,2/12/2022,0,264220,14724,243447,8221130
678,2/11/2022,0,262877,14709,241906,8221130
677,2/10/2022,0,261188,14636,240282,8221130
676,2/09/2022,0,259332,14610,236438,8221130
675,2/08/2022,0,257767,14578,236438,8221130
674,2/07/2022,0,257503,14566,235100,8213726
673,2/06/2022,0,257145,14553,233902,8213726
672,2/05/2022,0,256568,14541,232423,8213726
671,2/04/2022,0,255139,14517,230476,8162888
670,2/03/2022,0,253493,14427,228446,8064812
669,2/02/2022,0,251582,14367,226323,8012642
668,2/01/2022,0,249764,14327,223940,8012642
667,01/31/22,0,247637,14290,221858,8012642
666,01/30/22,0,247273,14273,220043,8009392
665,01/29/22,0,246273,14260,218053,7997498
664,01/28/22,0,244485,14242,216188,7949979
663,01/27/22,0,242329,14223,214158,7531669
662,01/26/22,0,240262,14204,211726,7531669
661,01/25/22,0,237977,14174,208855,7531669
660,01/24/22,0,236023,14155,205905,7531669
659,01/23/22,0,234356,14147,203637,7531669
658,01/22/22,0,232614,14132,201485,7531669
657,01/21/22,0,230443,14083,199574,7531669
656,01/20/22,0,228224,14067,197819,7531669
655,01/19/22,0,226114,14050,196469,7493994
654,01/18/22,0,224043,14028,195566,7493994
653,01/17/22,0,222017,14005,194576,7493994
652,01/16/22,0,220196,13992,193815,7137576
651,01/15/22,0,218505,13985,193038,7137576
650,01/14/22,0,216763,13935,192312,7137576
649,01/13/22,0,215148,13919,191724,7137576
648,1/12/2022,0,213559,13908,191203,7137576
647,1/11/2022,0,212086,13886,190811,7014572
646,1/10/2022,0,210759,13876,190462,7014572
645,1/09/2022,0,209547,13873,190451,7014572
644,1/08/2022,0,208733,13866,190421,7014572
643,1/07/2022,0,208016,13856,190375,7014572
642,1/06/2022,0,207295,13842,190079,7014572
641,1/05/2022,0,206683,13804,189800,6950267
640,1/04/2022,0,206086,13798,189551,6950267
639,1/03/2022,0,205614,13796,189425,6917900
638,1/02/2022,0,205479,13793,189194,6917900
637,1/01/2022,0,205008,13785,189082,6917900
636,12/31/21,0,204552,13782,188804,6917900
635,12/30/21,0,204128,13778,188734,6917900
634,12/29/21,0,203776,13771,188487,6907505
633,12/28/21,0,203457,13763,188210,6820879
632,12/27/21,0,203155,13755,187937,6820879
631,12/26/21,0,203125,13750,187759,6820879
630,12/25/21,0,202949,13745,187545,6820879
629,12/24/21,0,202717,13739,187292,6820879
628,12/23/21,0,202421,13710,186985,6820879
627,12/22/21,0,202166,13692,186793,6619684
626,12/21/21,0,201923,13686,186567,6619684
625,12/20/21,0,201651,13677,186230,6591704
624,12/19/21,0,201598,13666,186157,6591704
623,12/18/21,0,201555,13664,186060,6576984
622,12/17/21,0,201290,13653,185857,6576984
621,12/16/21,0,200775,13646,185677,6541827
620,12/15/21,0,200775,13620,185452,6519120
619,12/14/21,0,200468,13610,185223,6360516
618,12/13/21,0,200212,13596,184995,6360516
617,12/12/2021,0,200153,13592,184865,6313810
616,12/11/2021,0,200092,13585,184652,6133450
615,12/10/2021,0,199866,13572,184423,6133450
614,12/09/2021,0,199284,13565,184219,5984458
613,12/08/2021,0,199284,13531,183976,5984458
612,12/07/2021,0,198944,13525,183783,5984458
611,12/06/2021,0,198597,13515,183549,5984458
610,12/05/2021,0,198512,13511,183359,5748484
609,12/04/2021,0,198412,13508,183166,5748484
608,12/03/2021,0,198198,13503,182896,5748484
607,12/02/2021,0,197919,13497,182613,5748484
606,12/01/2021,0,197605,13470,182388,5748484
605,11/30/21,0,197331,13460,182173,5748484
604,11/29/21,0,196997,13453,181895,5748484
603,11/28/21,0,196971,13446,181682,5748484
602,11/27/21,0,196834,13440,181336,5731806
601,11/26/21,0,196587,13436,181120,5731806
600,11/25/21,0,196319,13429,180971,5731806
599,11/24/21,0,195989,13393,180723,5731806
598,11/23/21,0,195616,13373,180363,5731806
597,11/22/21,0,195243,13361,180034,5731806
596,11/21/21,0,195200,13352,179898,5718165
595,11/20/21,0,195021,13347,179688,5718165
594,11/19/21,0,194720,13334,179495,5718165
593,11/18/21,0,194334,13313,179314,5718165
592,11/17/21,0,193962,13276,179101,5718165
591,11/16/21,0,193612,13256,178844,5717686
590,11/15/21,0,193563,13248,178520,5717686
589,11/14/21,0,193532,13244,178265,5702444
588,11/13/21,0,193442,13234,178021,5702444
587,11/12/2021,0,193178,13229,177815,5702444
586,11/11/2021,0,192540,13184,177330,5702444
585,11/10/2021,0,192540,13184,176330,5702444
584,11/09/2021,0,192165,13157,176984,5702444
583,11/08/2021,0,191799,13139,176669,5674439
582,11/07/2021,0,191680,13130,176310,5674439
581,11/06/2021,0,191530,13120,176081,5630473
580,11/05/2021,0,191221,13091,175669,5630473
579,11/04/2021,0,190873,13074,175099,5329741
578,11/03/2021,0,190523,13053,174867,5329741
577,11/02/2021,0,190216,13051,174483,5329741
576,11/01/2021,0,189878,13022,174178,5329741
575,10/31/21,0,189590,13009,173615,5318976
574,10/30/21,0,189352,13004,173227,5318976
573,10/29/21,0,189015,12983,172880,5318976
572,10/28/21,0,188628,12960,172569,5311996
571,10/27/21,0,188222,12920,172042,5283758
570,10/26/21,0,187738,12915,171532,5283758
569,10/25/21,0,187337,12888,171144,5273946
568,10/24/21,0,187090,12879,170581,5261444
567,10/23/21,0,186720,12866,169884,5241421
566,10/22/21,0,186297,12858,169450,5241421
565,10/21/21,0,185868,12815,169138,5183144
564,10/20/21,0,184884,12796,168678,5183144
563,10/19/21,0,184884,12779,168285,5149411
562,10/18/21,0,183953,12757,167711,5060500
561,10/17/21,0,183953,12742,167094,4954057
560,10/16/21,0,183478,12734,166371,4634292
559,10/15/21,0,182967,12723,165793,4634292
558,10/14/21,0,182466,12670,165417,4634292
557,10/13/21,0,181939,12670,164910,4571485
556,10/12/2021,0,181452,12648,164502,4381933
555,10/11/2021,0,180921,12636,163758,4216512
554,10/10/2021,0,180454,12623,163166,4216512
553,10/09/2021,0,179939,12614,162464,4216512
552,10/08/2021,0,179392,12594,161725,4216512
551,10/07/2021,0,178760,12556,161188,4213103
550,10/06/2021,0,178086,12528,160585,4191040
549,10/05/2021,0,177383,12496,160167,4141352
548,10/04/2021,0,176700,12474,159636,4141352
547,10/03/2021,0,176383,12459,159307,4141352
546,10/02/2021,0,175830,12455,158585,4141352
545,10/01/2021,0,175088,12434,157904,4114352
544,09/30/21,0,174374,12410,157178,4114352
543,09/29/21,0,173703,12361,156541,4138767
542,09/28/21,0,173002,12352,155816,4052546
541,09/27/21,0,172309,12326,155047,4052546
540,09/26/21,0,171769,12314,154797,4052546
539,09/25/21,0,171024,12306,154204,4052546
538,09/24/21,0,170332,12281,153769,4052546
537,09/23/21,0,169590,12230,153154,4052546
536,09/22/21,0,168907,12212,152502,4049216
535,09/21/21,0,168174,12186,151814,3987561
534,09/20/21,0,167503,12156,151670,3987561
533,09/19/21,0,167378,12135,151113,3987561
532,09/18/21,0,167119,12115,150439,3987561
531,09/17/21,0,166495,12093,149721,3938156
530,09/16/21,0,166064,12057,148991,3938156
529,09/15/21,0,165389,12030,148306,3938156
528,09/14/21,0,164721,12007,147488,3849518
527,09/13/21,0,163998,11991,146871,3725384
526,9/12/2021,0,163834,11979,146109,3725384
525,9/11/2021,0,163242,11963,145284,3725384
524,9/10/2021,0,162549,11946,144501,3725384
523,9/09/2021,0,161832,11928,143693,3725384
522,9/08/2021,0,161096,11909,142965,3725384
521,9/07/2021,0,160325,11860,142300,3725384
520,9/06/2021,0,159567,11826,141522,3725384
519,9/05/2021,0,159422,11817,140715,3725384
518,9/04/2021,0,158878,11807,139934,3725384
517,9/03/2021,0,158087,11793,139132,3725384
516,9/02/2021,0,157260,11778,138311,3725384
515,9/01/2021,0,156457,11738,137526,3725384
514,08/31/21,0,155630,11714,136915,3725384
513,08/30/21,0,154889,11701,136339,3725384
512,08/29/21,0,154138,11691,135721,3725384
511,08/28/21,0,153352,11683,135071,3725384
510,08/27/21,0,152534,11670,134424,3725384
509,08/26/21,0,151746,11650,133771,3725384
508,08/25/21,0,150932,11623,133108,3672000
507,08/24/21,0,150095,11606,132544,3502604
506,08/23/21,0,149274,11581,131998,3502604
505,08/22/21,0,148633,11568,131456,3502604
504,08/21/21,0,148633,11568,131456,3502604
503,08/20/21,0,148047,11558,130896,3435967
502,08/19/21,0,147414,11554,130332,3435967
501,08/18/21,0,146763,11542,129925,3326767
500,08/17/21,0,145433,11504,129200,3326767
499,08/16/21,0,144742,11485,128855,3326767
498,08/15/21,0,144161,11471,128498,3326767
497,08/14/21,0,143584,11460,128185,3326767
496,08/13/21,0,143030,11457,127847,3239318
495,8/12/2021,0,142461,11432,127563,3239318
494,8/11/2021,0,141890,11424,127281,3239318
493,8/10/2021,0,141475,11414,127076,3239318
492,8/09/2021,0,141073,11406,126877,3239318
491,8/08/2021,0,140696,11400,126567,3239318
490,8/07/2021,0,140356,11389,126377,3068877
489,8/06/2021,0,139981,11387,126148,3068877
488,8/05/2021,0,139663,11382,125916,3068877
487,8/04/2021,0,139326,11376,125678,3068877
486,8/03/2021,0,139002,11373,125371,2997390
485,8/02/2021,0,138731,11358,125087,2997390
484,8/01/2021,0,138485,11354,124574,2997390
483,07/31/21,0,138281,11348,124574,2997390
482,07/30/21,0,138035,11345,124410,2997390
481,07/29/21,0,137802,11342,124289,2925322
480,07/28/21,0,137585,11334,124186,2925322
479,07/27/21,0,137357,11332,124060,2925322
478,07/26/21,0,137131,11331,123966,2925322
477,07/25/21,0,136919,11329,123939,2925322
476,07/24/21,0,136726,11324,123759,2816773
475,07/23/21,0,136539,11322,123554,2816773
474,07/22/21,0,136362,11321,123432,2516150
473,07/21/21,0,136194,11318,123327,2516150
472,07/20/21,0,136012,11316,123190,2516150
471,07/19/21,0,135837,11315,123113,2516150
470,07/18/21,0,135698,11314,123103,2516150
469,07/17/21,0,135562,11314,123088,2516150
468,07/16/21,0,135394,11313,123068,2379328
467,07/15/21,0,135273,11312,123065,2379328
466,07/14/21,0,135157,11312,123020,2379328
465,07/13/21,0,135029,11309,122991,2379328
464,7/12/2021,0,134934,11308,122981,2379328
463,7/11/2021,0,134906,11307,122969,2379328
462,7/10/2021,0,134849,11306,122958,2379328
461,7/09/2021,0,134764,11306,122944,2379328
460,7/08/2021,0,134639,11304,122875,2212346
459,7/07/2021,0,134534,11303,122862,2212346
458,7/06/2021,0,134422,11302,122823,2212346
457,7/05/2021,0,134354,11302,122756,2212346
456,7/04/2021,0,134350,11300,122708,2212346
455,7/03/2021,0,134348,11298,122697,2212346
454,7/02/2021,0,134311,11294,122693,2203751
453,7/01/2021,0,134270,11294,122691,2061112
452,06/30/21,0,134224,11287,122684,2061112
451,06/29/21,0,134157,11281,122675,2061112
450,06/28/21,0,134125,11275,122645,1999747
449,06/27/21,0,134124,11271,122615,1850305
448,06/26/21,0,134121,11266,122581,1850305
447,06/25/21,0,134082,11263,122542,1850305
446,06/24/21,0,134044,11256,122503,1850305
445,06/23/21,0,134001,11251,122494,1850305
444,06/22/21,0,133941,11240,122486,1850305
443,06/21/21,0,133908,11231,122463,1714678
442,06/20/21,0,133906,11228,122422,1714678
441,06/19/21,0,133904,11225,122370,1714678
440,06/18/21,0,133854,11220,122340,1714678
439,06/17/21,0,133821,11211,122321,1714678
438,06/16/21,0,133783,11202,122316,1714678
437,06/15/21,0,133730,11197,122289,1714678
436,06/14/21,0,133682,11190,122264,1714678
435,06/13/21,0,133674,11183,122231,1714678
434,6/12/2021,0,133667,11179,122195,937756
433,6/11/2021,0,133629,11172,122156,937756
432,6/10/2021,0,133557,11164,122147,937756
431,6/09/2021,0,133515,11159,122140,937756
430,6/08/2021,0,133474,11153,122107,937756
429,6/07/2021,0,133432,11148,122074,937756
428,6/06/2021,0,133430,11139,122048,937756
427,6/05/2021,0,133424,11135,121992,937756
426,6/04/2021,0,133391,11124,121936,937756
425,6/03/2021,0,133347,11117,121921,937756
424,6/02/2021,0,133319,11111,121911,937756
423,6/01/2021,0,133278,11103,121833,937756
422,05/31/21,0,133239,11096,121798,890369
421,05/30/21,0,133230,11086,121756,890369
420,05/29/21,0,133225,11083,121721,890369
419,05/28/21,0,133171,11076,121667,890369
418,05/27/21,0,133125,11067,121631,890369
417,05/26/21,0,133070,11055,121612,890369
416,05/25/21,0,133001,11044,121564,890369
415,05/24/21,0,132965,11036,121523,890369
414,05/23/21,0,132963,11027,121490,890369
413,05/22/21,0,132953,11020,121434,890369
412,05/21/21,0,132879,11015,121387,890039
411,05/20/21,0,132836,11010,121332,890369
410,05/19/21,0,132786,10998,121314,890369
409,05/18/21,0,132748,10996,121279,866039
408,05/17/21,0,132671,10991,121261,866039
407,05/16/21,0,132656,10985,121231,866039
406,05/15/21,0,132656,10977,121157,866039
405,05/14/21,0,132580,10972,121027,862743
404,05/13/21,0,132507,10967,120920,862743
403,5/12/2021,0,132469,10961,120791,862743
402,5/11/2021,0,132401,10950,120658,862743
401,5/10/2021,0,132366,10940,120480,860210
400,5/09/2021,0,132354,10936,120359,843027
399,5/08/2021,0,132340,10931,120123,820366
398,5/07/2021,0,132243,10924,119878,820366
397,5/06/2021,0,132168,10916,119859,819845
396,5/05/2021,0,132130,10907,119830,733579
395,5/04/2021,0,132042,10896,119751,733579
394,5/03/2021,0,131957,10889,119678,733579
393,5/02/2021,0,131942,10887,119575,733579
392,5/01/2021,0,131929,10880,119330,733579
391,04/30/21,0,131845,10867,119134,733579
390,04/29/21,0,131759,10863,118840,698243
389,04/28/21,0,131634,10854,118819,698243
388,04/27/21,0,131512,10841,118713,678869
387,04/26/21,0,131403,10829,118605,678869
386,04/25/21,0,131382,10821,118504,678869
385,04/24/21,0,131346,10815,118356,678869
384,04/23/21,0,131252,10806,118241,590806
383,04/22/21,0,131172,10799,118212,590806
382,04/21/21,0,131067,10785,118184,590806
381,04/20/21,0,130962,10779,118052,590806
380,04/19/21,0,130870,10772,117897,590806
379,04/18/21,0,130838,10767,117709,590806
378,04/17/21,0,130812,10765,117524,590806
377,04/16/21,0,130694,10757,117386,553010
376,04/15/21,0,130567,10720,117365,553010
375,04/14/21,0,130452,10712,117340,553010
374,04/13/21,0,130226,10701,117319,495190
373,4/12/2021,0,130131,10687,117259,495190
372,4/11/2021,0,130096,10678,117101,471254
371,4/10/2021,0,130054,10665,116837,349753
370,4/09/2021,0,129909,10659,116688,349753
369,4/08/2021,0,129737,10615,116532,349753
368,4/07/2021,0,129531,10606,116469,349753
367,4/06/2021,0,129337,10592,116206,349753
366,4/05/2021,0,129170,10586,115920,291964
365,4/04/2021,0,129124,10576,115580,291964
364,4/03/2021,0,129089,10570,115322,291964
363,4/02/2021,0,129060,10554,115247,223449
362,4/01/2021,0,128995,10551,115025,223449
361,03/31/21,0,128824,10523,114914,223449
360,03/30/21,0,128506,10517,114500,223449
359,03/29/21,0,128319,10494,114265,223449
358,03/28/21,0,128258,10485,113895,223449
357,03/27/21,0,128187,10463,113765,223449
356,03/26/21,0,127886,10450,113528,223449
355,03/25/21,0,127581,10434,113405,223449
354,03/24/21,0,127202,10395,113317,223449
353,03/23/21,0,126927,10350,112903,223449
352,03/22/21,0,126832,10320,112649,191422
351,03/21/21,0,126604,10296,112416,191422
350,03/20/21,0,126471,10283,112068,191422
349,03/19/21,0,126043,10261,111760,174343
348,03/18/21,0,125782,10239,111612,174343
347,03/17/21,0,125395,10213,111487,174343
346,03/16/21,0,125240,10176,111052,0
345,03/15/21,0,124984,10154,110774,0
344,03/14/21,0,124839,10126,110474,0
343,03/13/21,0,124724,10116,110048,0
342,3/12/2021,0,124264,10103,109663,0
341,3/11/2021,0,123972,10088,109608,0
340,3/10/2021,0,123704,10038,109477,0
339,3/09/2021,0,123334,10029,109093,0
338,3/08/2021,0,122987,10020,108631,0
337,3/07/2021,0,122815,9987,108143,0
336,3/06/2021,0,122668,9968,107752,0
335,3/05/2021,0,122190,9938,107471,0
334,3/04/2021,0,121866,9900,107374,0
333,3/03/2021,0,121529,9863,107229,0
332,3/02/2021,0,121080,9828,106788,0
331,3/01/2021,0,120665,9800,106339,0
330,02/28/21,0,120585,9776,105772,0
329,02/27/21,0,120421,9755,105478,0
328,02/26/21,0,120026,9739,105074,0
327,02/25/21,0,119553,9690,104654,0
326,02/24/21,0,119034,9651,104393,0
325,02/23/21,0,118623,9583,103993,0
324,02/22/21,0,118303,9540,103568,0
323,02/21/21,0,118179,9509,102907,0
322,02/20/21,0,118000,9455,102312,0
321,02/19/21,0,117563,9432,101918,0
320,02/18/21,0,117086,9385,101653,0
319,02/17/21,0,116495,9336,101321,0
318,02/16/21,0,116179,9295,100429,0
317,02/15/21,0,115940,9206,99936,0
316,02/14/21,0,115564,9167,99326,0
315,02/13/21,0,115268,9117,99053,0
314,2/12/2021,0,114800,9081,98738,0
313,2/11/2021,0,114330,9002,98388,0
312,2/10/2021,0,113633,8934,98101,0
311,2/09/2021,0,112991,8805,97541,0
310,2/08/2021,0,112574,8754,96572,0
309,2/07/2021,0,112263,8680,95873,0
308,2/06/2021,0,111885,8664,95119,0
307,2/05/2021,0,110951,8503,94486,0
306,2/04/2021,0,110367,8412,93717,0
305,2/03/2021,0,109719,8308,93052,0
304,2/02/2021,0,109394,8250,91914,0
303,2/01/2021,0,109038,8117,90789,0
302,01/31/21,0,108614,8085,89670,0
301,01/30/21,0,108259,8034,88568,0
300,01/29/21,0,107572,7989,87437,0
299,01/28/21,0,106553,7805,87128,0
298,01/27/21,0,105780,7739,86611,0
297,01/26/21,0,105011,7596,85450,0
296,01/25/21,0,104220,7533,84912,0
295,01/24/21,0,103352,7466,84175,0
294,01/23/21,0,102589,7386,83735,0
293,01/22/21,0,101407,7266,83359,0
292,01/21/21,0,100149,7161,82829,0
291,01/20/21,0,98997,7020,82615,0
290,01/19/21,0,97845,6941,81931,0
289,01/18/21,0,96660,6841,81263,0
288,01/17/21,0,96162,6791,80874,0
287,01/16/21,0,95595,6764,80488,0
286,01/15/21,0,92266,6712,80340,0
285,01/14/21,0,91669,6587,80169,0
284,01/13/21,0,90866,6494,79912,0
283,1/12/2021,0,90344,6423,79382,0
282,1/11/2021,0,89840,6349,79114,0
281,1/10/2021,0,89201,6277,78511,0
280,1/09/2021,0,88862,6209,77877,0
279,1/08/2021,0,88100,6115,77413,0
278,1/07/2021,0,87312,6010,77247,0
277,1/06/2021,0,86834,5967,76814,0
276,1/05/2021,0,86371,5866,76492,0
275,1/04/2021,0,85896,5819,76154,0
274,1/03/2021,0,85545,5766,75271,0
273,1/02/2021,0,85210,5722,74743,0
272,1/01/2021,0,84705,5685,74146,0
271,12/31/20,0,84382,5642,73593,0
270,12/30/20,0,83725,5573,73189,0
269,12/29/20,0,83020,5507,72461,0
268,12/28/20,0,82444,5456,71728,0
267,12/27/20,0,82200,5418,70871,0
266,12/26/20,0,81719,5369,70181,0
265,12/25/20,0,81299,5324,69580,0
264,12/24/20,0,80915,5272,69336,0
263,12/23/20,0,79978,5207,68603,0
262,12/22/20,0,79406,5130,68182,0
261,12/21/20,0,78773,5066,67389,0
260,12/20/20,0,78178,5031,66549,0
259,12/19/20,0,77707,4995,65957,0
258,12/18/20,0,76911,4967,64914,0
257,12/17/20,0,76015,4900,64410,0
256,12/16/20,0,75274,4852,63942,0
255,12/15/20,0,74639,4789,63530,0
254,12/14/20,0,74346,4749,62882,0
253,12/13/20,0,73551,4722,62083,0
252,12/12/2020,0,73059,4696,61235,0
251,12/11/2020,0,72200,4638,60020,0
250,12/10/2020,0,71325,4602,59688,0
249,12/09/2020,0,70694,4564,59149,0
248,12/08/2020,0,69619,4523,58675,0
247,12/07/2020,0,69046,4470,58123,0
246,12/06/2020,0,68540,4442,57269,0
245,12/05/2020,0,68064,4396,56983,0
244,12/04/2020,0,67378,4353,55929,0
243,12/03/2020,0,66557,4294,55470,0
242,12/02/2020,0,65683,4251,54461,0
241,12/01/2020,0,64410,4209,53707,0
240,11/30/20,0,64041,4157,53261,0
239,11/29/20,0,63465,4131,52818,0
238,11/28/20,0,62948,4105,52667,0
237,11/27/20,0,62346,4080,52316,0
236,11/26/20,0,61461,4042,52174,0
235,11/25/20,0,61130,4007,51973,0
234,11/24/20,0,60026,3953,51832,0
233,11/23/20,0,59504,3923,51472,0
232,11/22/20,0,58453,3907,51146,0
231,11/21/20,0,57658,3902,50755,0
230,11/20/20,0,57217,3879,50292,0
229,11/19/20,0,56753,3848,50031,0
228,11/18/20,0,56589,3814,49785,0
227,11/17/20,0,56203,3777,49534,0
226,11/16/20,0,56027,3767,49079,0
225,11/15/20,0,55790,3749,48719,0
224,11/14/20,0,55611,3740,48328,0
223,11/13/20,0,55220,3728,47920,0
222,11/12/2020,0,54876,3706,47584,0
221,11/11/2020,0,54480,3679,47347,0
220,11/10/2020,0,53989,3640,47095,0
219,11/09/2020,0,53700,3609,46744,0
218,11/08/2020,0,53423,3588,46419,0
217,11/07/2020,0,53103,3558,46191,0
216,11/06/2020,0,52669,3531,45809,0
215,11/05/2020,0,52292,3506,45332,0
214,11/04/2020,0,51891,3478,45230,0
213,11/03/2020,0,51470,3455,45090,0
212,11/02/2020,0,51106,3435,44736,0
211,11/01/2020,0,50862,3412,44350,0
210,10/31/20,0,50577,3385,44063,0
209,10/30/20,0,50195,3369,43729,0
208,10/29/20,0,49842,3345,43478,0
207,10/28/20,0,49426,3316,43200,0
206,10/27/20,0,49181,3293,42940,0
205,10/26/20,0,48682,3266,42669,0
204,10/25/20,0,48559,3247,42394,0
203,10/24/20,0,48396,3227,42258,0
202,10/23/20,0,48023,3210,42159,0
201,10/22/20,0,47614,3192,41944,0
200,10/21/20,0,47297,3173,41730,0
199,10/20/20,0,46947,3155,41354,0
198,10/19/20,0,46675,3155,41354,0
197,10/18/20,0,46488,3155,41185,0
196,10/17/20,0,46368,3099,41087,0
195,10/16/20,0,46368,3099,41185,0
194,10/15/20,0,45785,3068,40642,0
193,10/14/20,0,45486,3068,40520,0
192,10/13/20,0,45330,3032,40353,0
191,10/12/2020,0,45212,3013,40082,0
190,10/11/2020,0,44976,3002,39913,0
189,10/10/2020,0,44750,2990,39702,0
188,10/09/2020,0,44477,2974,39606,0
187,10/08/2020,0,44340,2948,39376,0
186,10/07/2020,0,44145,2930,39161,0
185,10/06/2020,0,44030,2906,39011,0
184,10/05/2020,0,43807,2895,38710,0
183,10/04/2020,0,43532,2895,38479,0
182,10/03/2020,0,43392,2865,38318,0
181,10/02/2020,0,43210,2858,37929,0
180,10/01/2020,0,42904,2838,37811,0
179,09/30/20,0,42721,2828,37607,0
178,09/29/20,0,42492,2808,37315,0
177,09/28/20,0,42381,2790,37027,0
176,09/27/20,0,42118,2775,36850,0
175,09/26/20,0,41713,2758,36305,0
174,09/25/20,0,41713,2758,36305,0
173,09/24/20,0,41395,2751,35982,0
172,09/23/20,0,41147,2732,35733,0
171,09/22/20,0,40974,2712,35259,0
170,09/21/20,0,40576,2688,34904,0
169,09/20/20,0,40435,2673,34526,0
168,09/19/20,0,40218,2655,33736,0
167,09/18/20,0,39922,2645,33313,0
166,09/17/20,0,39613,2626,33043,0
165,09/16/20,0,39418,2606,32736,0
164,09/15/20,0,39071,2588,32429,0
163,09/14/20,0,38848,2563,31877,0
162,09/13/20,0,38514,2547,31516,0
161,9/12/2020,0,38249,2528,31240,0
160,9/11/2020,0,37754,2504,30815,0
159,9/10/2020,0,37376,2478,30484,0
158,9/09/2020,0,36975,2450,30034,0
157,9/08/2020,0,36304,2404,29641,0
156,9/07/2020,0,36134,2360,29364,0
155,9/06/2020,0,35888,2333,29083,0
154,9/05/2020,0,35599,2313,28672,0
153,9/04/2020,0,35100,2292,28456,0
152,9/03/2020,0,34775,2245,28391,0
151,9/02/2020,0,34190,2214,28236,0
150,9/01/2020,0,33813,2169,27950,0
149,08/31/20,0,33518,2134,27637,0
148,08/30/20,0,33069,2126,27332,0
147,08/29/20,0,32717,2114,26921,0
146,08/28/20,0,32226,2104,26598,0
145,08/27/20,0,31772,2072,26341,0
144,08/26/20,0,31460,2027,26073,0
143,08/25/20,0,31153,1987,25640,0
142,08/24/20,0,30715,1948,25400,0
141,08/23/20,0,30472,1913,25171,0
140,08/22/20,0,30372,1875,24807,0
139,08/21/20,0,30196,1839,24520,0
138,08/20/20,0,29866,1804,24229,0
137,08/19/20,0,29516,1769,23247,0
136,08/18/20,0,29203,1746,22676,0
135,08/17/20,0,28780,1725,22152,0
134,08/16/20,0,28447,1698,21185,0
133,08/15/20,0,28145,1659,20119,0
132,08/14/20,0,27832,1651,18983,0
131,08/13/20,0,27349,1637,18063,0
130,8/12/2020,0,27074,1601,17494,0
129,8/11/2020,0,26807,1585,16862,0
128,8/10/2020,0,26403,1564,16490,0
127,8/09/2020,0,26080,1546,16213,0
126,8/08/2020,0,25704,1514,15882,0
125,8/07/2020,0,25289,1497,15463,0
124,8/06/2020,0,24684,1472,15174,0
123,8/05/2020,0,24384,1442,14756,0
122,8/04/2020,0,24082,1414,14329,0
121,8/03/2020,0,23544,1399,14124,0
120,8/02/2020,0,23544,1379,13675,0
119,8/01/2020,0,23169,1349,13351,0
118,07/31/20,0,22561,1335,12946,0
117,07/30/20,0,21948,1304,12597,0
116,07/29/20,0,21428,1267,11962,0
115,07/28/20,0,20888,1249,11538,0
114,07/27/20,0,20271,1224,11231,0
113,07/26/20,0,19840,1203,10878,0
112,07/25/20,0,19316,1166,10575,0
111,07/24/20,0,18712,1129,10214,0
110,07/23/20,0,18070,1088,9882,0
109,07/22/20,0,17680,1058,9443,0
108,07/21/20,0,17384,1025,9103,0
107,07/20/20,0,17015,1007,8677,0
106,07/19/20,0,16572,990,8413,0
105,07/18/20,0,16244,974,8118,0
104,07/17/20,0,15788,938,7884,0
103,07/16/20,0,15322,915,7531,0
102,07/15/20,0,15105,871,7188,0
101,07/14/20,0,14629,839,6900,0
100,07/13/20,0,14274,809,6417,0
99,7/12/2020,0,13855,796,6209,0
98,7/11/2020,0,13474,785,6093,0
97,7/10/2020,0,12794,766,5796,0
96,7/09/2020,0,12354,755,5695,0
95,7/08/2020,0,12026,736,5410,0
94,7/07/2020,0,11650,719,5258,0
93,7/06/2020,0,11302,681,4941,0
92,7/05/2020,0,10904,665,4678,0
91,7/04/2020,0,10568,649,4394,0
90,7/03/2020,0,10115,611,4177,0
89,7/02/2020,0,9760,593,3897,0
88,7/01/2020,0,9313,566,3673,0
87,06/30/20,0,9032,550,3517,0
86,06/29/20,0,8693,540,3298,0
85,06/28/20,0,8405,519,3233,0
84,06/27/20,0,8263,500,3042,0
83,06/26/20,0,7997,487,2848,0
82,06/25/20,0,7591,471,2695,0
81,06/24/20,0,7083,453,2597,0
80,06/23/20,0,6574,426,2401,0
79,06/22/20,0,6323,410,2256,0
78,06/21/20,0,6182,396,2039,0
77,06/20/20,0,6024,375,1909,0
76,06/19/20,0,5637,357,1683,0
75,06/18/20,0,5364,353,1525,0
74,06/17/20,0,5030,329,1495,0
73,06/16/20,0,4710,317,1409,0
72,06/15/20,0,4406,299,1323,0
71,06/14/20,0,4254,289,1323,0
70,06/13/20,0,4165,275,1258,0
69,6/12/2020,0,3923,270,1208,0
68,6/11/2020,0,3699,248,1119,0
67,6/10/2020,0,3579,221,1068,0
66,6/09/2020,120,3355,204,1009,0
65,6/08/2020,114,3225,194,934,0
64,6/07/2020,171,3111,185,880,0
63,6/06/2020,117,2940,178,834,0
62,6/05/2020,177,2823,171,814,0
61,6/04/2020,175,2640,164,760,0
60,6/03/2020,188,2475,158,704,0
59,6/02/2020,199,2287,154,657,0
58,6/01/2020,114,2088,153,611,0
57,05/31/20,157,1974,146,593,0
56,05/30/20,125,1817,135,563,0
55,05/29/20,49,1692,131,536,0
54,05/28/20,79,1643,127,507,0
53,05/27/20,72,1564,127,488,0
52,05/26/20,86,1492,118,461,0
51,05/25/20,68,1406,113,447,0
50,05/24/20,62,1338,108,439,0
49,05/23/20,100,1276,104,424,0
48,05/22/20,27,1176,101,392,0
47,05/21/20,87,1149,94,378,0
46,05/20/20,32,1062,89,345,0
45,05/19/20,46,1030,87,314,0
44,05/18/20,53,984,83,289,0
43,05/17/20,38,931,77,268,0
42,05/16/20,52,893,74,256,0
41,05/15/20,48,841,71,241,0
40,05/14/20,60,793,69,226,0
39,05/13/20,45,733,67,226,0
38,5/12/2020,48,688,65,218,0
37,5/11/2020,23,640,62,215,0
36,5/10/2020,46,617,58,205,0
35,5/09/2020,33,571,56,196,0
34,5/08/2020,45,538,52,184,0
33,5/07/2020,47,493,47,180,0
32,5/06/2020,29,446,41,155,0
31,5/05/2020,14,417,39,140,0
30,5/04/2020,12,403,38,127,0
29,5/03/2020,25,391,33,121,0
28,5/02/2020,12,366,33,114,0
27,5/01/2020,22,354,32,108,0
26,04/30/20,31,332,30,95,0
25,04/29/20,20,301,29,82,0
24,04/28/20,10,281,25,81,0
23,04/27/20,11,271,25,74,0
22,04/26/20,14,260,25,73,0
21,04/25/20,6,246,23,67,0
20,04/24/20,4,240,20,59,0
19,04/23/20,21,236,19,55,0
18,04/22/20,17,215,14,50,0
17,04/21/20,17,198,12,49,0
16,04/20/20,17,181,10,44,0
15,04/19/20,21,164,10,41,0
14,04/18/20,3,143,10,40,0
13,04/17/20,27,140,10,38,0
12,04/16/20,5,113,8,36,0
11,04/15/20,5,108,8,35,0
10,04/14/20,1,103,7,35,0
9,04/13/20,9,102,5,33,0
8,4/12/2020,1,93,5,29,0
7,4/11/2020,4,92,5,28,0
6,4/10/2020,10,88,5,28,0
5,4/09/2020,5,78,4,21,0
4,4/08/2020,11,73,3,19,0
3,4/07/2020,2,62,3,17,0
2,4/06/2020,6,60,2,17,0
1,4/05/2020,0,54,2,17,0